City,Sales,pop_2019,income_2010,ads_budget
Atlanta,2795498.5659251213,506811,25288,6150.0968450352675
Austin,1819581.7407636642,978908,24516,2911.330785221863
Boston,3661641.9913036823,692600,37311,8787.940779128838
Dallas,2767975.3858935833,1343573,23616,4982.35569460845
Los Angeles,5452570.7728693485,3979576,21170,11995.655700312567
New York,4664317.406596661,8336817,28819,13060.08873847065
Portland,2320490.5985167027,654741,31377,3248.6868379233833
San Francisco,8262203.869146585,881549,38355,18176.848512122488
Seattle,2747755.4652621746,753675,39322,6594.61311662922
